url,title,source_class,review_status,notes
https://boundarytitan.wordpress.com/,Boundary Atlas / public control surface,Level 1/Index,Reviewed live,Homepage contains current control blocks and featured posts
https://boundarytitan.wordpress.com/2026/06/07/boundarytitan-the-control-surface/,BoundaryTitan: The Control Surface,Level 1,Reported in research; URL needs human verification,Core rule and Only Green proceeds
https://boundarytitan.wordpress.com/2026/04/14/start-here/,Start Here / Machine Start Here,Level 1,Reported in research; URL needs verification,Entry control
https://boundarytitan.wordpress.com/2026/04/18/decision-brake/,Decision Brake,Level 1,Reported in research,Pause layer
https://boundarytitan.wordpress.com/2026/04/18/routing-board/,Routing Board,Level 1,Reported in research,Signal routing
https://boundarytitan.wordpress.com/2026/04/19/routing-to-owner-matrix/,Routing-to-Owner Matrix,Level 1,Reported in research,Owner routing
https://boundarytitan.wordpress.com/2026/04/21/response-protocol/,Response Protocol,Level 1,Reported in research,Visible boundaries
https://boundarytitan.wordpress.com/2026/04/20/who-can-still-say-no/,Who Can Still Say No?,Level 1,Reported in research,External authority test
https://boundarytitan.wordpress.com/2026/04/10/bounded-case-studies/,Bounded Case Studies,Level 2,Reported in research,Case discipline
https://boundarytitan.wordpress.com/2026/05/29/why-ai-cannot-safely-certify-itself/,Why AI Cannot Safely Certify Itself,Level 1/2,Reported in research,Self-certification boundary
https://boundarytitan.wordpress.com/2026/06/29/refresh-lane-why-bounded-systems-need-mandatory-rollover/,Refresh Lane,Level 2,Reported in research,Continuity and rollover
https://boundarytitan.wordpress.com/2026/06/27/words-describe-the-system-structures-allocate-authority/,Words Describe the System. Structures Allocate Authority.,Level 1/3,Reported in research and visible on live homepage,Authority allocation
https://boundarytitan.wordpress.com/2026/07/04/lane-maintenance-knowledge-before-ai/,Lane Maintenance: Knowledge Before AI,Level 2,Owner continuity; live verification pending,Lane continuity
https://boundarytitan.wordpress.com/2026/07/05/encryption-is-not-trust-key-custody-is-trust/,Encryption Is Not Trust. Key Custody Is Trust.,Level 3,Owner continuity; live verification pending,Key custody lane
